fantrax_id,nhl_id,note
03rgk,8478851,Alex Carrier = Alexandre Carrier (confirmed fuzzy match 2026-09)
05wwb,8483526,Danny Zhilkin = Danil Zhilkin (confirmed fuzzy match 2026-09)
050rc,8481716,Dmitry Voronkov = Dmitri Voronkov (confirmed fuzzy match 2026-09)
05yj7,8483567,Georgi Merkulov = Georgii Merkulov (confirmed fuzzy match 2026-09)
06b5w,8484312,Georgi Romanov = Georgii Romanov (confirmed fuzzy match 2026-09)
03ebk,8478011,Louie Belpedio = Louis Belpedio (confirmed fuzzy match 2026-09)
051tj,8481537,Nikita Okhotyuk = Nikita Okhotiuk (confirmed fuzzy match 2026-09)
04zb8,8481577,Phillip Tomasino = Philip Tomasino (confirmed fuzzy match 2026-09)
05k8g,8482102,Vasili Ponomarev = Vasily Ponomarev (confirmed fuzzy match 2026-09)
